,Год_сдачи,Название_квартала,Цена,Компания,Адрес,Класс_недвижимости,Площадь,Конструкция,Мин_цена,Макс_цена,Мин_площадь,Макс_площадь,Средняя_цена
0,БУДЕТ СДАН В 2026,"ЖК «Академический», г. Екатеринбург","[2495810, 7096500]",ГК «Кортрос»,г. Екатеринбург ул. Павла Шаманова 13,Комфорт класс,от 23 до 165 м2,Монолитный,2495810,7096500,23,165,4796155.0
1,БУДЕТ СДАН В 2024,"ЖК «Новый ВИЗ», г. Екатеринбкрг","[3066310, 7441680]",ГК «Астра»,г. Екатеринбург ул Металлургов,Комфорт класс,от 28 до 76 м2,Монолитный,3066310,7441680,28,76,5253995.0
2,БУДЕТ СДАН В 2024,"ЖК «Екатерининский парк», г. Екатеринбург","[4330000, 21500000]",TEN,г. Екатеринбург ул Азина,Комфорт класс,от 42 до 230 м2,Монолитный,4330000,21500000,42,230,12915000.0
3,БУДЕТ СДАН В 2024,"Жилой квартал FORUM CITY («Форум Сити»), г. Екатеринбург",[14857900],Холдинг «Форум-групп»,"г. Екатеринбург ул Шейнкмана 57А УИБ, 119 м",Бизнес класс,от 52 до 162 м2,Монолитный,14857900,0,52,162,14857900.0
4,БУДЕТ СДАН В 2024,"ЖК «Александровский сад», г. Екатеринбург","[9344120, 17560500]",Холдинг «Форум-групп»,"г. Екатеринбург ул Декабристов Телебашня, 237 м",Бизнес класс,от 54 до 200 м2,Монолитный,9344120,17560500,54,200,13452310.0
5,БУДЕТ СДАН В 2023,"Клубный дом RedRock, г. Екатеринбург","[5511000, 13500000]",TEN,г. Екатеринбург ул Большакова 66,Комфорт класс,от 35 до 98 м2,Монолитно-кирпичный,5511000,13500000,35,98,9505500.0
6,БУДЕТ СДАН В 2023,"ЖК VENEZIA («Венеция»), г. Екатеринбург",[2659670],ГК «Астра»,г. Верхняя Пышма ул Александра Козицына,Комфорт класс,от 34 до 54 м2,Монолитный,2659670,0,34,54,2659670.0
7,БУДЕТ СДАН В 2023,"ЖК Botanika Green House, г. Екатеринбург","[3808000, 15586000]",ООО «Синара-Девелопмент»,г. Екатеринбург ул. 8 Марта 204Г,Комфорт класс,от 27 до 121 м2,Монолитно-кирпичный,3808000,15586000,27,121,9697000.0
8,БУДЕТ СДАН В 2023,"ЖК «Ботаника Life», г. Екатеринбург","[6137000, 9653000]",TEN,г. Екатеринбург ул 8 Марта 204,Комфорт класс,от 49 до 86 м2,Монолитный,6137000,9653000,49,86,7895000.0
9,БУДЕТ СДАН В 2023,"ЖК «На Некрасова», г. Екатеринбург","[7430000, 28580000]",Брусника,г. Екатеринбург ул Печерская,Комфорт класс,от 43 до 217 м2,Монолитный,7430000,28580000,43,217,18005000.0
10,БУДЕТ СДАН В 2023,"ЖК «Нескучный сад», г. Екатеринбург",Продано,АТОМСТРОЙКОМПЛЕКС,г. Екатеринбург ул. Авиационная,Комфорт класс,от 26 до 111 м2,Монолитно-кирпичный,0,0,26,111,0.0
11,БУДЕТ СДАН В 2023,"ЖК Repin Towers, г. Екатеринбург","[4800000, 10800000]",АТОМСТРОЙКОМПЛЕКС,г. Екатеринбург ул. Репина,Комфорт класс,от 29 до 130 м2,Монолитно-кирпичный,4800000,10800000,29,130,7800000.0
12,БУДЕТ СДАН В 2023,"ЖК Discovery residence, г. Екатеринбург","[4250000, 17750000]",АТОМСТРОЙКОМПЛЕКС,г. Екатеринбург ул. Гагарина,Бизнес класс,от 46 до 159 м2,Монолитно-кирпичный,4250000,17750000,46,159,11000000.0
13,БУДЕТ СДАН В 2023,"ЖК «Народные кварталы», г. Екатеринбург","[2200000, 9500000]",АТОМСТРОЙКОМПЛЕКС,г. Екатеринбург ул. Победы,Комфорт класс,от 19 до 132 м2,Монолитно-кирпичный,2200000,9500000,19,132,5850000.0
14,БУДЕТ СДАН В 2023,"ЖК «Высота», г. Екатеринбург","[6164140, 14450000]",Холдинг «Форум-групп»,г. Екатеринбург ул Нагорная 12,Комфорт класс,от 40 до 102 м2,Монолитный,6164140,14450000,40,102,10307070.0
15,БУДЕТ СДАН В 2023,"Клубный дом «19/05», г. Екатеринбург","[9962000, 23600000]",TEN,г. Екатеринбург ул Февральской революции,Бизнес класс,от 53 до 118 м2,Монолитный,9962000,23600000,53,118,16781000.0
16,БУДЕТ СДАН В 2023,"ЖК «Татлин», г. Екатеринбург","[3549600, 7780500]",PRINZIP,г. Екатеринбург ул Готвальда 22,Комфорт класс,от 29 до 83 м2,Монолитный,3549600,7780500,29,83,5665050.0
17,БУДЕТ СДАН В 2023,"ЖК «Дом на Бардина», г. Екатеринбург","[4187000, 10530000]",TEN,г. Екатеринбург ул. Академика Бардина 28,Комфорт класс,от 35 до 98 м2,Монолитно-кирпичный,4187000,10530000,35,98,7358500.0
18,БУДЕТ СДАН В 2023,"ЖК «Квартал Федерация», г. Екатеринбург","[5604000, 11203000]",ООО «Проспект Девелопмент»,г. Екатеринбург ул. Щорса,Комфорт класс,от 48 до 107 м2,Каркасно-кирпичный,5604000,11203000,48,107,8403500.0
19,БУДЕТ СДАН В 2023,"ЖК «Парк Каменные Палатки», г. Екатеринбург","[4296660, 13687300]",ГК «Астра»,г. Екатеринбург ул. Владимира Высоцкого,Комфорт класс,от 37 до 121 м2,Монолитно-кирпичный,4296660,13687300,37,121,8991980.0
20,БУДЕТ СДАН В 2023,"ЖК «Солнечный», г. Екатеринбург","[3797000, 6474000]",ООО «Синара-Девелопмент»,г. Екатеринбург ул 2-я Новосибирская,Комфорт класс,от 24 до 105 м2,Монолитный,3797000,6474000,24,105,5135500.0
21,БУДЕТ СДАН В 2023,"ЖК «Светлый», г. Екатеринбург","[1770000, 3029000]",TEN,г. Екатеринбург Микрорайон Светлый,Комфорт класс,от 28 до 83 м2,Монолитный,1770000,3029000,28,83,2399500.0
22,БУДЕТ СДАН В 2023,"ЖК «Цветной бульвар», г. Екатеринбург","[2701300, 9120000]",АО «ЛСР. Недвижимость-Урал»,г. Екатеринбург ул Сулимова,Комфорт класс,от 21 до 108 м2,Панельный,2701300,9120000,21,108,5910650.0
23,БУДЕТ СДАН В 2023,"ЖК «Московский квартал», г. Екатеринбург","[4914160, 9610200]",АО «Земельный ресурс»,г. Екатеринбург ул Московская,Комфорт класс,от 45 до 127 м2,Монолитный,4914160,9610200,45,127,7262180.0
24,БУДЕТ СДАН В 2022,"ЖК «Домино», г. Екатеринбург","[2646820, 5289050]",ГК «Астра»,г. Екатеринбург ул Тенистая,Комфорт класс,от 24 до 66 м2,Монолитный,2646820,5289050,24,66,3967935.0
25,БУДЕТ СДАН В 2022,"ЖК «Архитектон», г. Екатеринбург","[5300000, 13700000]",Корпорация «Маяк»,г. Екатеринбург ул. Декабристов 20,Бизнес класс,от 40 до 106 м2,Монолитно-кирпичный,5300000,13700000,40,106,9500000.0
26,БУДЕТ СДАН В 2022,"ЖК «Рио-3», г. Екатеринбург","[2575320, 6725430]",СТРОЙТЭК,г. Екатеринбург ул. Евгения Савкова,Комфорт класс,от 19 до 83 м2,Монолитный,2575320,6725430,19,83,4650375.0
27,БУДЕТ СДАН В 2022,"ЖК «Атмосфера», г. Екатеринбург","[2575320, 11184000]",СТРОЙТЭК,"г. Екатеринбург ул Электриков УГПУ, 198 м",Комфорт класс,от 27 до 81 м2,Монолитный,2575320,11184000,27,81,6879660.0
28,БУДЕТ СДАН В 2022,"ЖК «Макаровский квартал», г. Екатеринбург","[12700000, 18300000]",УГМК-Холдинг,г. Екатеринбург набережная Олимпийская,Бизнес класс,от 53 до 140 м2,Монолитно-кирпичный,12700000,18300000,53,140,15500000.0
29,БУДЕТ СДАН В 2022,"ЖК «А 57» (Жилой дом на Амундсена), г. Екатеринбург","[4136000, 8263000]",ООО «Синара-Девелопмент»,г. Екатеринбург ул. Амундсена 57,Комфорт класс,от 31 до 108 м2,Монолитно-кирпичный,4136000,8263000,31,108,6199500.0
30,БУДЕТ СДАН В 2022,"Жилой комплекс «Исеть парк», г. Екатеринбург","[2310000, 7201280]",ПИК,г. Екатеринбург ул Хуторская,Комфорт класс,от 19 до 92 м2,Монолитный,2310000,7201280,19,92,4755640.0
31,БУДЕТ СДАН В 2022,"ЖК «Свобода Residence», г. Екатеринбург","[5300000, 19550000]",АТОМСТРОЙКОМПЛЕКС,"г. Екатеринбург ул Радищева 41 УИБ, 274 м",Бизнес класс,от 28 до 159 м2,Монолитный,5300000,19550000,28,159,12425000.0
32,БУДЕТ СДАН В 2022,"ЖК «Белорецкий II», м. Чкаловская","[3422650, 8300770]",ГК «Ривьера Инвест Екатеринбург»,г. Екатеринбург пер. Белорецкий,Комфорт класс,от 26 до 81 м2,Монолитно-кирпичный,3422650,8300770,26,81,5861710.0
33,БУДЕТ СДАН В 2022,"ЖК «Нагорный», г. Екатеринбург","[6900000, 12564500]",УГМК-Холдинг,г. Екатеринбург ул Токарей,Бизнес класс,от 53 до 125 м2,Монолитный,6900000,12564500,53,125,9732250.0
34,БУДЕТ СДАН В 2022,"ЖК «Макаровский», г. Екатеринбург","[11880000, 22971000]",УГМК-Холдинг,г. Екатеринбург ул Челюскинцев,Бизнес класс,от 67 до 363 м2,Монолитный,11880000,22971000,67,363,17425500.0
35,БУДЕТ СДАН В 2022,"ЖК «Изумрудный бор», г. Екатеринбург","[2748800, 11531000]",УГМК-Холдинг,г. Екатеринбург пр-кт Космонавтов,Комфорт класс,от 45 до 99 м2,Монолитно-кирпичный,2748800,11531000,45,99,7139900.0
36,БУДЕТ СДАН В 2022,"ЖК «Основа», г. Екатеринбург","[3567300, 16000000]",ООО «Фортис»,г. Екатеринбург ул Уральская 5,Комфорт класс,от 39 до 86 м2,Монолитный,3567300,16000000,39,86,9783650.0
37,БУДЕТ СДАН В 2022,"ЖК «Белая башня», г. Екатеринбург","[2344320, 6211560]",ГК «Ривьера Инвест Екатеринбург»,"г. Екатеринбург ул Донбасская Уральский филиал МГСУ, 240 м",Комфорт класс,от 24 до 86 м2,Монолитный,2344320,6211560,24,86,4277940.0
38,БУДЕТ СДАН В 2022,"ЖК «Проспект Мира. Компаунд», г. Екатеринбург","[4152000, 9460000]",Первостроитель,г. Екатеринбург ул Мира 47/2,Комфорт класс,от 32 до 110 м2,Монолитно-кирпичный,4152000,9460000,32,110,6806000.0
39,БУДЕТ СДАН В 2022,"Парк-комплекс «Шолохов», г. Екатеринбург","[3729440, 4778640]",ГК «Астра»,г. Екатеринбург ул Шолохова,Комфорт класс,от 35 до 73 м2,Монолитный,3729440,4778640,35,73,4254040.0
40,БУДЕТ СДАН В 2022,"ЖК «Парк Победы», г. Екатеринбург","[4037600, 6681000]",PRINZIP,г. Екатеринбург ул Бакинских комиссаров,Комфорт класс,от 36 до 103 м2,Монолитный,4037600,6681000,36,103,5359300.0
41,БУДЕТ СДАН В 2022,"ЖК «Парковый квартал», г. Екатеринбург","[3936000, 10017000]",PRINZIP,г. Екатеринбург ул Цвиллинга,Комфорт класс,от 29 до 119 м2,Монолитно-кирпичный,3936000,10017000,29,119,6976500.0
42,БУДЕТ СДАН В 2022,"ЖК «Весна», г. Екатеринбург","[3650000, 4400000]",АТОМСТРОЙКОМПЛЕКС,г. Екатеринбург ул. Дорожная 16,Комфорт класс,от 28 до 111 м2,Монолитный,3650000,4400000,28,111,4025000.0
43,БУДЕТ СДАН В 2022,"ЖК «Северный квартал», г. Екатеринбург","[3150000, 22290000]",Брусника,г. Екатеринбург ул. Стачек 68,Комфорт класс,от 20 до 232 м2,Монолитно-кирпичный,3150000,22290000,20,232,12720000.0
44,БУДЕТ СДАН В 2022,"ЖК «Art. Город-парк», г. Екатеринбург","[3300000, 9200000]",АТОМСТРОЙКОМПЛЕКС,г. Екатеринбург ул Краснолесья,Комфорт класс,от 37 до 84 м2,Монолитный,3300000,9200000,37,84,6250000.0
45,БУДЕТ СДАН В 2022,"Жилой комплекс «Космонавтов 11», г. Екатеринбург","[2268000, 6922300]",ПИК,"г. Екатеринбург пр-т Космонавтов 11, к. 2",Комфорт класс,от 20 до 90 м2,Монолитный,2268000,6922300,20,90,4595150.0
46,БУДЕТ СДАН В 2022,"ЖК Suomen Ranta, г. Екатеринбург","[3450000, 6917360]",АО «ЮИТ Санкт-Петербург»,г. Екатеринбург ул Машинная 31Б,Комфорт класс,от 24 до 72 м2,Монолитный,3450000,6917360,24,72,5183680.0
47,БУДЕТ СДАН В 2022,"ЖК «Белый парус», г. Екатеринбург","[5090000, 13840000]",ГК «Астра»,г. Екатеринбург ул. Татищева 140,Комфорт класс,от 33 до 146 м2,Монолитно-каркасный,5090000,13840000,33,146,9465000.0
48,БУДЕТ СДАН В 2022,"ЖК «Рифей», г. Верхняя Пышма","[2159000, 5080900]",АО «ЮИТ Санкт-Петербург»,г. Верхняя Пышма ул. Машиностроителей,Комфорт класс,от 27 до 76 м2,Монолитный,2159000,5080900,27,76,3619950.0
49,БУДЕТ СДАН В 2022,"ЖК «Симфония», г. Екатеринбург","[2894720, 6004300]",ЗАО «Желдорипотека»,г. Екатеринбург ул Коуровская 13,Комфорт класс,от 34 до 89 м2,Монолитно-каркасный,2894720,6004300,34,89,4449510.0
50,БУДЕТ СДАН В 2022,"Апарт-комплекс «Созвездие Феникс», г. Екатеринбург","[2800000, 5100000]",ООО «Энергоремстройкомплект»,"г. Екатеринбург ул. Бажова 166 Екатеринбургский филиал МГОПУ, 282 м",Бизнес класс,от 36 до 95 м2,Кирпичный,2800000,5100000,36,95,3950000.0
51,БУДЕТ СДАН В 2022,"ЖК «Меридиан», г. Екатеринбург","[1811250, 5384000]",АО «ЛСР. Недвижимость-Урал»,г. Екатеринбург ул. Евгения Савкова 33А,Эконом класс,от 21 до 67 м2,Монолитно-панельный,1811250,5384000,21,67,3597625.0
52,БУДЕТ СДАН В 2022,"ЖК «Северное сияние», г. Екатеринбург","[7000000, 9050000]",АТОМСТРОЙКОМПЛЕКС,"г. Екатеринбург ул Кировградская 4, 8, 10",Комфорт класс,от 46 до 99 м2,Монолитный,7000000,9050000,46,99,8025000.0
53,БУДЕТ СДАН В 2022,"ЖК «Уральский», г. Екатеринбург","[2732450, 5785330]",ООО «Эфес»,г. Екатеринбург ул Блюхера,Комфорт класс,от 22 до 95 м2,Монолитный,2732450,5785330,22,95,4258890.0
54,БУДЕТ СДАН В 2022,"ЖК «Хрустальные ключи», г. Екатеринбург",[1757700],АО «ЛСР. Недвижимость-Урал»,г. Екатеринбург ул Латвийская 54,Комфорт класс,от 21 до 81 м2,Панельный,1757700,0,21,81,1757700.0
55,БУДЕТ СДАН В 2022,"ЖК «Рассветный», г. Екатеринбург","[2488500, 6622000]",АО «ЛСР. Недвижимость-Урал»,г. Екатеринбург ул Рассветная 6/1,Эконом класс,от 23 до 77 м2,Панельный,2488500,6622000,23,77,4555250.0
56,БУДЕТ СДАН В 2021,"ЖК River Park, г. Екатеринбург","[2806060, 6667160]",АТОМСТРОЙКОМПЛЕКС,г. Екатеринбург ул. Щербакова,Комфорт класс,от 27 до 106 м2,Монолитно-кирпичный,2806060,6667160,27,106,4736610.0
57,СДАН В 2021,"ЖК «Родонитовый», г. Екатеринбург","[3300000, 11200000]",ГК «Скон»,г. Екатеринбург ул Крестинского 61,Комфорт класс,от 30 до 136 м2,Монолитный,3300000,11200000,30,136,7250000.0
58,БУДЕТ СДАН В 2021,"ЖК «Абрикос», г. Екатеринбург","[2575320, 9320000]",СТРОЙТЭК,г. Екатеринбург ул Ольховская 104,Комфорт класс,от 24 до 87 м2,Монолитный,2575320,9320000,24,87,5947660.0
59,ЗАПЛАНИРОВАН,"ЖК «Суриков», г. Екатеринбург",[2800000],TEN,г. Екатеринбург ул Уктусская 42,Комфорт класс,от 35 до 80 м2,Монолитный,2800000,0,35,80,2800000.0
60,СДАН В 2021,"ЖК «Русь», г. Екатеринбург","[4350000, 11000000]",TEN,г. Екатеринбург ул Крауля 89А,Комфорт класс,от 34 до 97 м2,Монолитный,4350000,11000000,34,97,7675000.0
61,СДАН В 2021,"ЖК Clever park, г. Екатеринбург","[5020000, 34900000]",Acons Group,г. Екатеринбург ул Ткачей 15,Комфорт класс,от 30 до 207 м2,Монолитный,5020000,34900000,30,207,19960000.0
62,БУДЕТ СДАН В 2021,"ЖК «LIVE. Живой квартал», г. Екатеринбург","[5350000, 19372100]",АТОМСТРОЙКОМПЛЕКС,г. Екатеринбург ул. Московская,Комфорт класс,от 29 до 188 м2,Монолитный,5350000,19372100,29,188,12361050.0
63,БУДЕТ СДАН В 2021,"ЖК «Тихомиров», г. Екатеринбург","[3569970, 10208100]",Формула Строительства,г. Екатеринбург ул Викулова,Комфорт класс,от 28 до 80 м2,Монолитно-каркасный,3569970,10208100,28,80,6889035.0
64,БУДЕТ СДАН В 2021,"Клубный дом «Ленина 8», г. Екатеринбург","[8151000, 50297000]",PRINZIP,г. Екатеринбург пр-кт Ленина 8,Элит класс,от 43 до 116 м2,Монолитный,8151000,50297000,43,116,29224000.0
65,СДАН В 2021,"ЖК «Первомайская, 60», г. Екатеринбург","[10727100, 13697600]",PRINZIP,г. Екатеринбург ул Первомайская 60,Бизнес класс,от 68 до 125 м2,Монолитный,10727100,13697600,68,125,12212350.0
66,СДАН В 2021,"ЖК «Счастье», г. Екатеринбург","[4570000, 7991000]",СТРОЙТЭК,г. Екатеринбург ул. Фрунзе-Цвиллинга 8,Комфорт класс,от 35 до 89 м2,(23),4570000,7991000,35,89,6280500.0
67,БУДЕТ СДАН В 2021,"ЖК «Мельница», г. Екатеринбург",[9388000],ООО «Проспект Девелопмент»,г. Екатеринбург ул. Азина 22,Комфорт класс,от 29 до 178 м2,Монолитно-кирпичный,9388000,0,29,178,9388000.0
68,БУДЕТ СДАН В 2021,"ЖК iTower, г. Екатеринбург","[4870000, 10070000]",ГК «Атлас Девелопмент»,г. Екатеринбург ул. Белинского 163А,Бизнес класс,от 31 до 95 м2,Сборно-монолитный,4870000,10070000,31,95,7470000.0
69,БУДЕТ СДАН В 2021,"Жилые башни «Евразия», г. Екатеринбург",[3550000],ГК «АктивСтройСервис»,г. Екатеринбург ул Николая Островского 2,Комфорт класс,от 29 до 103 м2,Монолитный,3550000,0,29,103,3550000.0
70,СДАН В 2021,"ЖК «Новая Ботаника», г. Екатеринбург","[3300000, 7850000]",ГК «Ривьера Инвест Екатеринбург»,"г. Екатеринбург ул Крестинского 6, 8",Комфорт класс,от 27 до 86 м2,Монолитно-кирпичный,3300000,7850000,27,86,5575000.0
71,СДАН В 2021,"ЖК «New House mART», г. Екатеринбург","[9000000, 9600000]",ГК «Астра»,г. Екатеринбург ул. Большакова д. 147,Комфорт класс,от 40 до 106 м2,Монолитно-каркасный,9000000,9600000,40,106,9300000.0
72,СДАН В 2021,"ЖК «Геометрия», г. Екатеринбург","[5000000, 9387000]",ООО «Деметра»,г. Екатеринбург ул. Восточная 31,Комфорт класс,от 37 до 116 м2,Монолитно-кирпичный,5000000,9387000,37,116,7193500.0
73,СДАН В 2021,"ЖК «Луч», г. Екатеринбург","[4490000, 7100000]",ООО «Деметра»,г. Екатеринбург ул. Солнечная,Комфорт класс,от 33 до 79 м2,Монолитно-кирпичный,4490000,7100000,33,79,5795000.0
74,БУДЕТ СДАН В 2021,"ЖК «Аксиома», г. Екатеринбург","[3050000, 5750000]",ООО «Лидер констракшн»,г. Екатеринбург ул. П. Шаманова - А. Мехренцева,Комфорт класс,от 28 до 85 м2,Монолитно-каркасный,3050000,5750000,28,85,4400000.0
75,СДАН В 2021,"ЖК «На Тенистой», г. Екатеринбург","[2455170, 4881000]",ГК «Астра»,г. Екатеринбург ул. Тенистая 8А,Комфорт класс,от 36 до 57 м2,Панельно-кирпичный,2455170,4881000,36,57,3668085.0
76,СДАН В 2021,"ЖК «Южные кварталы», г. Екатеринбург","[9090000, 12190000]",Брусника,г. Екатеринбург ул. Шаумяна 20,Комфорт класс,от 25 до 135 м2,Монолитно-кирпичный,9090000,12190000,25,135,10640000.0
77,БУДЕТ СДАН В 2021,"ЖК «Мичуринский», г. Екатеринбург","[1721350, 4396350]",АО «ЛСР. Недвижимость-Урал»,г. Екатеринбург Евгения Савкова 75,Комфорт класс,от 19 до 83 м2,(3),1721350,4396350,19,83,3058850.0
78,БУДЕТ СДАН В 2021,"ЖК Vektori, г. Екатеринбург","[3300000, 6875170]",АО «ЮИТ Уралстрой»,г. Екатеринбург ул. Стрелочников,Комфорт класс,от 24 до 73 м2,Монолитно-кирпичный,3300000,6875170,24,73,5087585.0
79,БУДЕТ СДАН В 2021,"ЖК «Театральный», г. Березовский","[2210000, 5200000]",ГК «АктивСтройСервис»,г. Березовский ул. Восточная 11,Комфорт класс,от 27 до 85 м2,Монолитно-кирпичный,2210000,5200000,27,85,3705000.0
80,БУДЕТ СДАН В 2021,"ЖК «Петровский», г. Верхняя Пышма","[3385800, 5178000]",Элит-ГРУПП,г. Верхняя Пышма ул Петрова 34В,Комфорт класс,от 28 до 169 м2,Монолитно-кирпичный,3385800,5178000,28,169,4281900.0
81,БУДЕТ СДАН В 2021,"ЖК «Юность», г. Верхняя Пышма","[2250000, 5290000]",ГК «Астра»,г. Верхняя Пышма ул. Орджоникидзе 1,Комфорт класс,от 26 до 75 м2,Монолитно-каркасный,2250000,5290000,26,75,3770000.0
82,БУДЕТ СДАН В 2021,"ЖК «Янтарная Долина», г. Екатеринбург","[3299200, 6622390]",СТРОЙТЭК,г. Екатеринбург ул. Крауля 168,Комфорт класс,от 32 до 78 м2,Монолитно-блочный,3299200,6622390,32,78,4960795.0
83,СДАН В 2021,"ЖК «Ньютон Парк», г. Екатеринбург","[3760500, 5999600]",PRINZIP,г. Екатеринбург ул. Краснолесья 10,Комфорт класс,от 32 до 113 м2,Монолитный,3760500,5999600,32,113,4880050.0
84,БУДЕТ СДАН В 2021,"ЖК «Рябиновый Квартал», г. Екатеринбург","[2598300, 4100000]",КомСтрин,г. Екатеринбург ул. Рябинина 18,Комфорт класс,от 29 до 76 м2,Монолитно-кирпичный,2598300,4100000,29,76,3349150.0
85,БУДЕТ СДАН В 2021,"ЖК «Шишимская горка», г. Екатеринбург","[8790000, 17990000]",Брусника,г. Екатеринбург ул. Гастелло 19,Комфорт класс,от 24 до 150 м2,Монолитно-каркасный,8790000,17990000,24,150,13390000.0
86,СДАН В 2021,"ЖК «Ботанический сад», г. Екатеринбург","[14400000, 14450000]",TEN,г. Екатеринбург ул. 8 Марта 202/3,Комфорт класс,от 35 до 140 м2,Монолитно-кирпичный,14400000,14450000,35,140,14425000.0
87,БУДЕТ СДАН В 2021,"ЖК «Балтийский», г. Екатеринбург","[2980000, 8500000]",АТОМСТРОЙКОМПЛЕКС,г. Екатеринбург ул. Академика Вонсовского,Бизнес класс,от 42 до 106 м2,Монолитный,2980000,8500000,42,106,5740000.0
88,СДАН В 2021,"ЖК «Чемпион Парк», г. Екатеринбург","[5800000, 15000000]",АТОМСТРОЙКОМПЛЕКС,г. Екатеринбург ул Машинная 1Б,Бизнес класс,от 46 до 150 м2,Монолитный,5800000,15000000,46,150,10400000.0
89,БУДЕТ СДАН В 2021,"ЖК «Современник», г. Екатеринбург","[3490000, 7190760]",СТРОЙТЭК,г. Екатеринбург ул Раевского,Комфорт класс,от 17 до 142 м2,Каркасно-кирпичный,3490000,7190760,17,142,5340380.0
90,СДАН В 2021,"ЖК «Флагман», г. Екатеринбург","[4704000, 9000450]",АО «ЛСР. Недвижимость-Урал»,г. Екатеринбург ул Репина 52,Комфорт класс,от 37 до 101 м2,Монолитно-кирпичный,4704000,9000450,37,101,6852225.0
91,СДАН В 2020,"ЖК «Комсомольская 67», г. Екатеринбург","[4167000, 7385000]",Первостроитель,"г. Екатеринбург ул Комсомольская 67 УГИ, 206 м",Комфорт класс,от 35 до 83 м2,Монолитный,4167000,7385000,35,83,5776000.0
92,СДАН В 2020,"ЖК «Тихий центр», г. Верхняя Пышма","[1950000, 4060000]",ГК «АктивСтройСервис»,г. Верхняя Пышма ул Красноармейская 15,Комфорт класс,от 30 до 74 м2,Монолитный,1950000,4060000,30,74,3005000.0
93,СДАН В 2020,"ЖК «Садовая Residence», г. Екатеринбург","[4250000, 8100000]",АТОМСТРОЙКОМПЛЕКС,г. Екатеринбург ул Садовая 4,Бизнес класс,от 46 до 99 м2,Монолитный,4250000,8100000,46,99,6175000.0
94,СДАН В 2020,"ЖК «Дом на бульваре», г. Екатеринбург","[5700000, 19000000]",ООО «Заказ-строй»,г. Екатеринбург б-р Верх-Исетский 18А,Комфорт класс,от 55 до 182 м2,Монолитно-кирпичный,5700000,19000000,55,182,12350000.0
95,СДАН В 2020,"ЖК «Женева», г. Екатеринбург","[5700000, 12782500]",ООО «ИнвестСтройЦентр»,г. Екатеринбург Гагаринский переулок 5,Комфорт класс,от 48 до 103 м2,Монолитный,5700000,12782500,48,103,9241250.0
96,СДАН В 2020,"ЖК «Сириус», г. Екатеринбург","[2900000, 5556600]",ЗАО «Среднеуральская строительная компания (ССК)»,г. Екатеринбург пер. Широкий 6,Комфорт класс,от 32 до 78 м2,Кирпичный,2900000,5556600,32,78,4228300.0
97,СДАН В 2020,"Клубный дом на Ленина, г. Екатеринбург","[5894100, 10578000]",ООО «Синара-Девелопмент»,г. Екатеринбург ул. Ленина 99а,Комфорт класс,от 44 до 106 м2,Монолитный,5894100,10578000,44,106,8236050.0
98,СДАН В 2020,"ЖК «Даниловский», г. Екатеринбург","[3570000, 7588000]",ООО «Синара-Девелопмент»,г. Екатеринбург ул Данилы Зверева 17а,Комфорт класс,от 40 до 102 м2,Монолитно-кирпичный,3570000,7588000,40,102,5579000.0
99,СДАН В 2020,"ЖК «Навигатор», г. Екатеринбург",[5080000],ООО «СК Союз»,г. Екатеринбург ул. Миасская 12,Комфорт класс,от 25 до 70 м2,Монолитный,5080000,0,25,70,5080000.0
100,СДАН В 2020,"ЖК «Новая Жизнь-Победа», пгт Верхнее Дуброво","[958000, 1680000]",ЖСК «Новая Жизнь – Победа!»,Белоярский р-н рп Верхнее Дуброво ул. Уральская,Эконом класс,от 19 до 50 м2,Блочный,958000,1680000,19,50,1319000.0
101,СДАН В 2020,"ЖК «Рио», г. Екатеринбург",[3350000],СТРОЙТЭК,г. Екатеринбург ул. Хрустальногорская 88,Комфорт класс,от 23 до 112 м2,Монолитный,3350000,0,23,112,3350000.0
102,СДАН В 2020,"ЖК «Сказка», г. Екатеринбург","[5370000, 7007000]",TEN,г. Екатеринбург ул. Новгородцевой,Комфорт класс,от 37 до 89 м2,Монолитный,5370000,7007000,37,89,6188500.0
103,СДАН В 2020,"ЖК «Бриз», г. Екатеринбург","[5070000, 9500000]",АТОМСТРОЙКОМПЛЕКС,"г. Екатеринбург ул. Ирбитская 11, 11/3, 13",Комфорт класс,от 45 до 125 м2,Монолитный,5070000,9500000,45,125,7285000.0
104,СДАН В 2020,"ЖК «Суходольский», г. Екатеринбург","[3300000, 7000000]",Брусника,г. Екатеринбург ул. Евгения Савкова 29,Комфорт класс,от 25 до 102 м2,Монолитно-кирпичный,3300000,7000000,25,102,5150000.0
105,СДАН В 2020,"ЖК «Гринвуд», г. Екатеринбург","[2060000, 6500000]",АЛЬТА,г. Екатеринбург Прониной 27,Комфорт класс,от 29 до 90 м2,Блочный,2060000,6500000,29,90,4280000.0
106,СДАН В 2020,"ЖК «Просторы», г. Екатеринбург","[3450000, 7150000]",АТОМСТРОЙКОМПЛЕКС,г. Екатеринбург ул Водоемная,Комфорт класс,от 34 до 121 м2,Монолитно-кирпичный,3450000,7150000,34,121,5300000.0
107,СДАН В 2020,ЖК «Малевич» г. Екатеринбург,"[4087500, 7785900]",PRINZIP,г. Екатеринбург пер Трамвайный 2,Комфорт класс,от 42 до 100 м2,Монолитный,4087500,7785900,42,100,5936700.0
108,СДАН В 2020,"ЖК «Квартет», г. Екатеринбург","[2750000, 5300000]",АО «ЮИТ Санкт-Петербург»,г. Екатеринбург ул Таватуйская 25,Комфорт класс,от 31 до 69 м2,Монолитный,2750000,5300000,31,69,4025000.0
109,СДАН В 2020,"ЖК «Просторы», г. Екатеринбург","[3690000, 6590000]",АТОМСТРОЙКОМПЛЕКС,г. Екатеринбург ул. Водоемная,Комфорт класс,от 30 до 127 м2,Монолитный,3690000,6590000,30,127,5140000.0
110,БУДЕТ СДАН В 2025,"ЖК «Балтым-Парк», г. Верхняя Пышма","[2975260, 6540000]",АО «ЮИТ Санкт-Петербург»,г. Верхняя Пышма ул. Васильковая 4,Комфорт класс,от 38 до 85 м2,Монолитный,2975260,6540000,38,85,4757630.0
111,ЗАПЛАНИРОВАН,"ЖК «На Новосибирской», г. Екатеринбург",Продано,СТРОЙТЭК,г. Екатеринбург ул 2-я Новосибирская,Комфорт класс,от 30 до 90 м2,Монолитный,0,0,30,90,0.0
112,БУДЕТ СДАН В 2023,"ЖК Rauta, г. Екатеринбург","[1936000, 5296000]",АО «ЮИТ Санкт-Петербург»,г. Екатеринбург ул. Надеждинская,Комфорт класс,от 26 до 69 м2,Монолитно-кирпичный,1936000,5296000,26,69,3616000.0
113,БУДЕТ СДАН В 2023,"ЖК «Мохито», г. Екатеринбург","[2661140, 5759080]",СТРОЙТЭК,г. Екатеринбург ул Тенистая,Комфорт класс,от 28 до 90 м2,Монолитный,2661140,5759080,28,90,4210110.0
114,БУДЕТ СДАН В 2023,"ЖК «Зеленый остров», г. Екатеринбург","[2014800, 5077800]",АО «ЛСР. Недвижимость-Урал»,г. Екатеринбург ул. Татищева,Эконом класс,от 21 до 55 м2,Монолитный,2014800,5077800,21,55,3546300.0
115,БУДЕТ СДАН В 2022,"ЖК «Малахит», г. Екатеринбург","[1953000, 5207200]",АО «ЛСР. Недвижимость-Урал»,г. Екатеринбург ул. 40-летия Комсомола,Эконом класс,от 20 до 56 м2,Панельный,1953000,5207200,20,56,3580100.0
116,БУДЕТ СДАН В 2021,"ЖК Residence, г. Верхняя Пыжма","[2180000, 5930000]",ГК «АктивСтройСервис»,г. Верхняя Пышма ул Кривоусова 14А,Бизнес класс,от 34 до 104 м2,Монолитный,2180000,5930000,34,104,4055000.0
117,БУДЕТ СДАН В 2021,"ЖК «Парк Столиц», г. Екатеринбург",Продано,ГК «Атлас Девелопмент»,г. Екатеринбург ул. Белинского 163А,Бизнес класс,от 51 до 139 м2,276 квартир,0,0,51,139,0.0
118,БУДЕТ СДАН В 2021,"ЖК «7 ключей», г. Екатеринбург","[1839780, 3503950]",ООО «Эфес»,г. Екатеринбург ул. Техническая,Комфорт класс,от 21 до 81 м2,Монолитно-кирпичный,1839780,3503950,21,81,2671865.0
119,СДАН В 2019,"ЖК «Сказы Бажова», г. Екатеринбург","[2365000, 7100000]",ГК «Ривьера Инвест Екатеринбург»,г. Екатеринбург ул. Щербакова 74,Комфорт класс,от 28 до 73 м2,Монолитно-кирпичный,2365000,7100000,28,73,4732500.0
120,СДАН В 2019,"ЖК «Сахаров», г. Екатеринбург",[5950000],АТОМСТРОЙКОМПЛЕКС,г. Екатеринбург пр. Академика Сахарова,Комфорт класс,от 41 до 90 м2,Монолитный,5950000,0,41,90,5950000.0
121,СДАН В 2019,"ЖК «Седьмое небо», г. Екатеринбург","[6950000, 20000000]",ГК «Астра»,г. Екатеринбург ул. Гурзуфская 11,Комфорт класс,от 40 до 224 м2,Монолитно-кирпичный,6950000,20000000,40,224,13475000.0
122,СДАН В 2019,"ЖК «Ольховский парк», г. Екатеринбург",Продано,Холдинг «Форум-групп»,"г. Екатеринбург ул. Колмогорова УГАПС, 283 м",Комфорт класс,от 39 до 128 м2,Кирпичный,0,0,39,128,0.0
123,СДАН В 2019,"ЖК «Родник», г. Екатеринбург","[4075400, 6146400]",ГК «Скон»,г. Екатеринбург ул. Академика Постовского 17А,Комфорт класс,от 32 до 126 м2,Монолитно-кирпичный,4075400,6146400,32,126,5110900.0
124,СДАН В 2019,"ЖК «Стрелки», г. Екатеринбург","[4919000, 5100000]",ГК «Скон»,г. Екатеринбург ул. Стрелочников 2,Эконом класс,от 26 до 121 м2,Монолитно-кирпичный,4919000,5100000,26,121,5009500.0
125,СДАН В 2019,"ЖК NOVA Park («Нова Парк»), г. Екатеринбург","[2720000, 6200000]",АТОМСТРОЙКОМПЛЕКС,г. Екатеринбург ул. Хрустальногорская 83,Комфорт класс,от 27 до 136 м2,Монолитный,2720000,6200000,27,136,4460000.0
126,СДАН В 2019,"ЖК «Ударник», г. Екатеринбург",Продано,АТОМСТРОЙКОМПЛЕКС,г. Екатеринбург ул. Бакинских Комиссаров 93,Комфорт класс,от 41 до 90 м2,Монолитный,0,0,41,90,0.0
127,СДАН В 2019,"ЖК «Дом на ул. Александра Козицына, 14», г. Верхняя Пышма","[2740000, 3300000]",ГК «Астра»,г. Верхняя Пышма ул. Александра Козицына 14,Комфорт класс,от 30 до 69 м2,Монолитный,2740000,3300000,30,69,3020000.0
128,СДАН В 2019,"ЖК «Облака», г. Екатеринбург","[7700000, 10000000]",АТОМСТРОЙКОМПЛЕКС,г. Екатеринбург ул. Цвиллинга 58,Комфорт класс,от 31 до 93 м2,Монолитный,7700000,10000000,31,93,8850000.0
129,СДАН В 2019,"ЖК «Восход», г. Екатеринбург","[2500000, 7100000]",Группа ЛСР (LSR),г. Екатеринбург ул. 40-летия Комсомола 24,Эконом класс,от 26 до 72 м2,Монолитный,2500000,7100000,26,72,4800000.0
130,СДАН В 2019,"ЖК «Рощинский», г. Екатеринбург","[3006740, 5005140]",Корпорация «Маяк»,г. Екатеринбург ул Патриотов 6/4,Комфорт класс,от 43 до 90 м2,Монолитный,3006740,5005140,43,90,4005940.0
131,СДАН В 2019,"ЖК «Перемена», г. Екатеринбург","[2400000, 4880000]",ООО «Синара-Девелопмент»,г. Екатеринбург ул. Евгения Саввкова 4,Комфорт класс,от 29 до 66 м2,Монолитно-каркасный,2400000,4880000,29,66,3640000.0
132,СДАН В 2019,"ЖК «Оазис», г. Екатеринбург","[3870000, 4257000]",ЗАО «Среднеуральская строительная компания (ССК)»,г. Екатеринбург ул Старых Большевиков 3В,Эконом класс,от 37 до 82 м2,Монолитный,3870000,4257000,37,82,4063500.0
133,СДАН В 2019,"ЖК «Вернисаж», г. Екатеринбург","[9001650, 15666000]",СТРОЙТЭК,"г. Екатеринбург ул Куйбышева 41 УГГГА, 164 м",Комфорт класс,от 55 до 150 м2,Монолитный,9001650,15666000,55,150,12333825.0
134,СДАН В 2019,"ЖК «Репин Парк», г. Екатеринбург","[4390000, 9900000]",ГК «Астон»,г. Екатеринбург ул. Заводская 73,Комфорт класс,от 37 до 93 м2,Монолитно-каркасный,4390000,9900000,37,93,7145000.0
135,СДАН В 2018,"ЖК «Кандинский», г. Екатеринбург","[14800000, 35000000]",Брусника,"г. Екатеринбург ул. Гоголя 18 РЭА, 184 м",Бизнес класс,от 50 до 159 м2,Монолитно-каркасный,14800000,35000000,50,159,24900000.0
136,СДАН В 2018,"ЖК «Три Д-клуб», Ленинский р-н, г. Екатеринбург","[2600000, 4525000]",СК «Метеорит»,г. Екатеринбург ул. Братская 27,Бизнес класс,от 40 до 95 м2,Монолитно-кирпичный,2600000,4525000,40,95,3562500.0
137,СДАН В 2018,"ЖК «Гелиос», г. Заречный","[1821030, 3333360]",ГК «Солнечный дом»,г. Заречный ул. Победы 7,Эконом класс,от 29 до 75 м2,Монолитно-кирпичный,1821030,3333360,29,75,2577195.0
138,СДАН В 2018,"ЖК «Альпы», г. Екатеринбург",Продано,ГК «Астра»,г. Екатеринбург ул Инженерная 61,Комфорт класс,от 30 до 86 м2,Монолитно-кирпичный,0,0,30,86,0.0
139,СДАН В 2018,"ЖК «Золотая горка», д. Коптяки",Продано,ООО «Золотая горка»,г. Среднеуральск ул. Высокая 1,Комфорт класс,от 40 до 248 м2,Блочный,0,0,40,248,0.0
140,СДАН В 2018,"ЖК «Маэстро», г. Екатеринбург","[2793000, 5484800]",ЗАО «Желдорипотека»,г. Екатеринбург ул. Среднеуральская 9,Комфорт класс,от 39 до 85 м2,Монолитный,2793000,5484800,39,85,4138900.0
141,СДАН В 2018,"ЖК «Рябина-парк», г. Березовский","[1470000, 2350000]",ГК «АктивСтройСервис»,г. Березовский ул. Новая 20,Эконом класс,от 22 до 45 м2,Монолитный,1470000,2350000,22,45,1910000.0
142,СДАН В 2018,"ЖК «Успенский», г. Верхняя Пышма","[2170000, 4900000]",ГК «АктивСтройСервис»,г. Верхняя Пышма пр. Успенский д. 113Б,Комфорт класс,от 34 до 87 м2,Монолитный,2170000,4900000,34,87,3535000.0
143,СДАН В 2018,"ЖК «Первый Николаевский», г. Екатеринбург",[10792500],PRINZIP,г. Екатеринбург ул. Готвальда 22,Комфорт класс,от 29 до 114 м2,Монолитный,10792500,0,29,114,10792500.0
144,СДАН В 2018,"Квартал «Новаторов», г. Екатеринбург","[3750000, 4700000]",Брусника,г. Екатеринбург ул Новаторов 8,Комфорт класс,от 26 до 130 м2,Монолитный,3750000,4700000,26,130,4225000.0
145,СДАН В 2018,"ЖК «Альфа», г. Екатеринбург","[3300000, 5500000]",Формула Строительства,г. Екатеринбург пер. Цветочный 16,Комфорт класс,от 27 до 77 м2,Монолитно-кирпичный,3300000,5500000,27,77,4400000.0
146,СДАН В 2018,"ЖК «Эверест», г. Екатеринбург","[5100000, 18000000]",TEN,г. Екатеринбург ул. Горького 69/1,Элит класс,от 32 до 229 м2,Кирпичный,5100000,18000000,32,229,11550000.0
147,СДАН В 2018,"ЖК «Смородина», Верх-Исетский р-н, г. Екатеринбург",Продано,АТОМСТРОЙКОМПЛЕКС,г. Екатеринбург ул Тенистая,Эконом класс,от 33 до 90 м2,Монолитный,0,0,33,90,0.0
148,СДАН В 2018,"Жилой дом по ул. Расточная, Железнодорожный р-н, г. Екатеринбург",Продано,АО «ЛСР. Недвижимость-Урал»,г. Екатеринбург ул Расточная,Эконом класс,от 42 до 83 м2,(4),0,0,42,83,0.0
149,СДАН В 2018,"ЖК «Калиновский», Орджоникидзевский р-н, г. Екатеринбург",Продано,АО «ЛСР. Недвижимость-Урал»,г. Екатеринбург,Эконом класс,от 38 до 88 м2,(12),0,0,38,88,0.0
150,СДАН В 2017,"ЖК «Лазурный», г. Верхняя Пышма",Продано,ГК «Урал Магистраль»,г. Верхняя Пышма ул. Огнеупорщиков 4,Комфорт класс,от 34 до 196 м2,Кирпичный,0,0,34,196,0.0
151,СДАН В 2017,"ЖК «Мельковский», г. Екатеринбург","[4499000, 12590000]",ООО «Стройкор»,г. Екатеринбург ул. Челюскинцев 57,Комфорт класс,от 35 до 159 м2,Монолитно-кирпичный,4499000,12590000,35,159,8544500.0
152,СДАН В 2017,"ЖК «Стрижи», г. Арамиль","[2550000, 4000000]",ООО СК «СУ-22»,Сысертский р-н г. Арамиль ул. Мира 1Б,Комфорт класс,от 31 до 91 м2,Монолитно-кирпичный,2550000,4000000,31,91,3275000.0
153,СДАН В 2017,"ЖК «Октава», Чкаловский р-н, г. Екатеринбург","[2850000, 12000000]",TEN,г. Екатеринбург ул. Крестинского 35,Комфорт класс,от 22 до 89 м2,Монолитно-кирпичный,2850000,12000000,22,89,7425000.0
154,СДАН В 2017,"ЖК «Прибрежный», г. Среднеуральск","[2040000, 5000000]",Холдинг «Форум-групп»,г. Среднеуральск ул. Набережная 1А,Эконом класс,от 30 до 81 м2,Монолитный,2040000,5000000,30,81,3520000.0
155,СДАН В 2017,"ЖК «Белорецкий», г. Екатеринбург","[4400000, 8000000]",Формула Строительства,г. Екатеринбург ул Степана Разина 107,Комфорт класс,от 35 до 90 м2,Монолитный,4400000,8000000,35,90,6200000.0
156,СДАН В 2017,"ЖК «Арбатский», г. Екатеринбург","[6812080, 6935940]",ООО «Проспект Девелопмент»,г. Екатеринбург ул. Московская 75,Комфорт класс,от 38 до 100 м2,Монолитно-кирпичный,6812080,6935940,38,100,6874010.0
157,СДАН В 2017,"ЖК «Коперник», г. Екатеринбург","[7700000, 21000000]",Первостроитель,г. Екатеринбург ул. Педагогическая 28,Бизнес класс,от 54 до 145 м2,Монолитный,7700000,21000000,54,145,14350000.0
158,СДАН В 2017,"ЖК «Азбука», г. Екатеринбург","[2690000, 4552500]",УГМК-Холдинг,г. Екатеринбург б-р Петра Кожемяко 16,Комфорт класс,от 30 до 75 м2,Монолитный,2690000,4552500,30,75,3621250.0
159,СДАН В 2017,"ЖК «Пихтовый», г. Среднеуральск","[2100000, 3200000]",АТОМСТРОЙКОМПЛЕКС,"г. Среднеуральск ул. Лесная 2 А, Б",Комфорт класс,от 39 до 90 м2,Монолитный,2100000,3200000,39,90,2650000.0
160,СДАН В 2017,"ЖК «Александровский квартал», г. Екатеринбург","[3390000, 5200000]",ООО «СУ-6»,г. Екатеринбург ул Белинского 177,Бизнес класс,от 34 до 101 м2,(15),3390000,5200000,34,101,4295000.0
161,СДАН В 2017,"ЖК «Астория», Орджоникидзевский р-н, г. Екатеринбург",Продано,ЖСК «Победа»,г. Екатеринбург ул. Фрезеровщиков д. 5,Эконом класс,от 32 до 168 м2,Монолитный,0,0,32,168,0.0
162,СДАН В 2017,"ЖК «Авангард», Кировский р-н, г. Екатеринбург",Продано,АТОМСТРОЙКОМПЛЕКС,"г. Екатеринбург Ирбитская ул. / Раевского ул. 4, 4А, 4Б, 6, 6А, 8",Комфорт класс,от 46 до 122 м2,Монолитный,0,0,46,122,0.0
163,СДАН В 2017,"ЖК «Рудный», п. Рудный","[1470000, 4500000]",Корпорация «Маяк»,г. Екатеринбург ул Круговая 18,Эконом класс,от 33 до 71 м2,Монолитный,1470000,4500000,33,71,2985000.0
164,СДАН В 2017,"ЖК «Свой круг», г. Екатеринбург","[3100000, 7070000]",ООО «Синара-Девелопмент»,г. Екатеринбург ул Буторина 1,Комфорт класс,от 30 до 100 м2,Монолитный,3100000,7070000,30,100,5085000.0
165,СДАН В 2017,"ЖК «Эврика», Кировский р-н, г. Екатеринбург",Продано,TEN,"г. Екатеринбург ул. Студенческая 80 УГИ, 165 м",Бизнес класс,от 28 до 80 м2,Монолитно-кирпичный,0,0,28,80,0.0
166,СДАН В 2017,"ЖК «Апельсин», Ленинский р-н, г. Екатеринбург",Продано,АТОМСТРОЙКОМПЛЕКС,г. Екатеринбург ул. Николая Островского 5,Комфорт класс,от 46 до 88 м2,Монолитный,0,0,46,88,0.0
167,СДАН В 2016,"ЖК «МонтеКристо», г. Екатеринбург","[6854060, 7134840]",УК «AVS Девелопмент»,г. Екатеринбург ул. Фурманова 124,Бизнес класс,от 34 до 186 м2,Монолитный,6854060,7134840,34,186,6994450.0
168,СДАН В 2016,"ЖК «Новый Дом», Кировский р-н, г. Екатеринбург",Продано,ARK Development,г. Екатеринбург ул. Новгородцевой 13,Комфорт класс,от 35 до 96 м2,Монолитный,0,0,35,96,0.0
169,СДАН В 2016,"ЖК «Форест», Ленинский р-н, г. Екатеринбург",Продано,АО «ЮИТ Санкт-Петербург»,г. Екатеринбург ул. Амундсена 118,Комфорт класс,от 35 до 75 м2,Кирпичный,0,0,35,75,0.0
170,СДАН В 2016,"Апарт-комплекс «Башня Исеть», г. Екатеринбург","[15138400, 61640000]",УГМК-Холдинг,г. Екатеринбург ул. Бориса Ельцина 6,Бизнес класс,от 78 до 456 м2,Монолитный,15138400,61640000,78,456,38389200.0
171,СДАН В 2016,"ЖК «Центральный парк», г. Березовский","[2230000, 7500000]",ГК «АктивСтройСервис»,г. Березовский ул. Восточная 7,Эконом класс,от 32 до 92 м2,Монолитный,2230000,7500000,32,92,4865000.0
172,СДАН В 2016,"ЖК «Булгаков», г. Екатеринбург","[5250000, 10200000]",АТОМСТРОЙКОМПЛЕКС,"г. Екатеринбург ул. Токарей 27, к. 2",Комфорт класс,от 45 до 183 м2,Монолитный,5250000,10200000,45,183,7725000.0
173,СДАН В 2016,"ЖК «Хрустальногорский», Верх-Исетский р-н, г. Екатеринбург",Продано,АТОМСТРОЙКОМПЛЕКС,г. Екатеринбург ул. Евгения Савкова/ул. Хрустальногорская,Комфорт класс,от 48 до 93 м2,Монолитный,0,0,48,93,0.0
174,СДАН В 2016,"ЖК «Дом у пруда», Чкаловский р-н, г. Екатеринбург",Продано,АТОМСТРОЙКОМПЛЕКС,г. Екатеринбург пер. Сызранский 17,Эконом класс,от 42 до 101 м2,Монолитный,0,0,42,101,0.0
175,СДАН В 2016,"ЖК «Огни Екатеринбурга», г. Екатеринбург","[6200000, 15300000]",АТОМСТРОЙКОМПЛЕКС,г. Екатеринбург ул. Белинского 108,Комфорт класс,от 48 до 167 м2,Монолитный,6200000,15300000,48,167,10750000.0
176,СДАН В 2016,"ЖК ARTEK, г. Екатеринбург","[4900000, 7625000]",АТОМСТРОЙКОМПЛЕКС,"г. Екатеринбург ул. Степана Разина 2 Телебашня, 122 м",Комфорт класс,от 32 до 89 м2,Монолитный,4900000,7625000,32,89,6262500.0
177,СДАН В 2016,"ЖК «Каскад», г. Екатеринбург",[7300000],АТОМСТРОЙКОМПЛЕКС,г. Екатеринбург ул. Индустрии 104,Комфорт класс,от 42 до 101 м2,Монолитный,7300000,0,42,101,7300000.0
178,СДАН В 2016,"ЖК «Мечта», Ленинский р-н, г. Екатеринбург",Продано,ООО «Возрождение Екатеринбурга»,г. Екатеринбург ул. Куйбышева 21,Бизнес класс,от 38 до 162 м2,Монолитный,0,0,38,162,0.0
179,СДАН В 2016,"ЖК «Каменный ручей», Чкаловский р-н, г. Екатеринбург",Продано,Брусника,г. Екатеринбург ул. Щербакова 77/1,Комфорт класс,от 38 до 180 м2,Монолитно-каркасный,0,0,38,180,0.0
180,СДАН В 2016,"ЖК «Гольфстрим», г. Екатеринбург","[4730000, 7299000]",АТОМСТРОЙКОМПЛЕКС,г. Екатеринбург ул Машинная 46,Комфорт класс,от 46 до 98 м2,Монолитный,4730000,7299000,46,98,6014500.0
181,СДАН В 2016,"ЖК «Дипломат», г. Екатеринбург","[12900000, 54000000]",Корпорация «Маяк»,"г. Екатеринбург ул Гоголя 57 РЭА, 271 м",Элит класс,от 42 до 177 м2,Монолитно-кирпичный,12900000,54000000,42,177,33450000.0
182,СДАН В 2016,"ЖК «Семицвет», Железнодорожный р-н, г. Екатеринбург",Продано,ГК «Астра»,г. Екатеринбург ул. Техническая 144,Комфорт класс,от 34 до 78 м2,Монолитный,0,0,34,78,0.0
183,СДАН В 2015,"ЖК «Аврора», г. Екатеринбург",Продано,ГК «Атлас Девелопмент»,г. Екатеринбург ул. Соболева 19,Комфорт класс,от 29 до 70 м2,Монолитный,0,0,29,70,0.0
184,СДАН В 2015,"ЖК «Селен», г. Верхняя Пышма","[3960000, 4900000]",ГК «Астра»,г. Верхняя Пышма ул. Александра Козицына 8,Комфорт класс,от 45 до 120 м2,Монолитный,3960000,4900000,45,120,4430000.0
185,СДАН В 2015,"ЖК «Премьер-2», г. Екатеринбург","[5800000, 13700000]",ГК «PREMIER»,г. Екатеринбург ул. Авиационная 12,Комфорт класс,от 41 до 132 м2,Монолитно-каркасный,5800000,13700000,41,132,9750000.0
186,СДАН В 2015,"ЖК «Серебряная Подкова», Чкаловский р-н, г. Екатеринбург",Продано,АО «ЛСР. Недвижимость-Урал»,г. Екатеринбург пер. Сызранский 3,Комфорт класс,от 39 до 96 м2,Монолитный,0,0,39,96,0.0
187,СДАН В 2015,"ЖК «Спутник», г. Екатеринбург","[1950000, 3750000]",ГК «Астра»,г. Екатеринбург ул. Бахчиванджи 22А,Комфорт класс,от 25 до 78 м2,Монолитно-каркасный,1950000,3750000,25,78,2850000.0
188,СДАН В 2015,"Апарт-отель «Мечта», г. Верхняя Пышма","[1550000, 1950000]",ГК «АктивСтройСервис»,г. Верхняя Пышма ул. Машиностроителей 6А,Эконом класс,от 22 до 103 м2,Монолитный,1550000,1950000,22,103,1750000.0
189,СДАН В 2015,"Новостройка на ул. Новгородцевой, г. Екатеринбург",Продано,АО «ЛСР. Недвижимость-Урал»,г. Екатеринбург Новгородцевой ул 23,Эконом класс,от 37 до 58 м2,Монолитно-кирпичный,0,0,37,58,0.0
190,СДАН В 2014,"ЖК «Маяковский парк», г. Екатеринбург",[5292000],Корпорация «Маяк»,г. Екатеринбург пер Базовый 52,Комфорт класс,от 85 до 161 м2,Монолитный,5292000,0,85,161,5292000.0
191,СДАН В 2014,"ЖК «Комета», Новая Сортировка р-н, г. Екатеринбург",Продано,ГК «Астра»,г. Екатеринбург ул. Августа Бебеля 144,Комфорт класс,от 28 до 83 м2,Монолитный,0,0,28,83,0.0
192,СДАН В 2014,"ЖК «Премьер», г. Екатеринбург",Продано,ГК «PREMIER»,г. Екатеринбург ул. Циолковского 27,Комфорт класс,от 44 до 111 м2,Монолитно-каркасный,0,0,44,111,0.0
193,СДАН В 2014,"ЖК «Парниковая 6», г. Екатеринбург",Продано,УГМК-Холдинг,г. Екатеринбург ул. Парниковая 6,Комфорт класс,от 26 до 77 м2,Монолитный,0,0,26,77,0.0
194,СДАН В 2014,"ЖК «На Красных Героев», г. Березовский",Продано,Брусника,г. Березовский ул. Красных Героев 18,Комфорт класс,от 35 до 73 м2,Монолитный,0,0,35,73,0.0
195,СДАН В 2014,"ЖК «Изумрудный», г. Екатеринбург","[5170000, 14000000]",Корпорация «Маяк»,г. Екатеринбург ул. Машинная 3А,Комфорт класс,от 60 до 271 м2,Монолитный,5170000,14000000,60,271,9585000.0
196,СДАН В 2014,"ЖК «Металлург», г. Верхняя Пышма",Продано,ГК «Астра»,г. Верхняя Пышма ул. Феофанова 2Г,Комфорт класс,от 25 до 81 м2,Монолитный,0,0,25,81,0.0
197,СДАН В 2013,"ЖК «Париж», г. Екатеринбург",Продано,ГК «Атлас Девелопмент»,г. Екатеринбург ул. Белореченская 4,Комфорт класс,от 47 до 120 м2,Монолитно-кирпичный,0,0,47,120,0.0
198,СДАН В 2013,"ЖК «Иволга», г. Екатеринбург","[2390000, 5700000]",ГК «Астра»,г. Екатеринбург ул. Анатолия Муранова 18,Комфорт класс,от 28 до 79 м2,Монолитный,2390000,5700000,28,79,4045000.0
199,СДАН В 2013,"ЖК «Татищев», Верх-Исетский р-н, г. Екатеринбург",Продано,АО «ЛСР. Недвижимость-Урал»,г. Екатеринбург ул. Татищева 58,Комфорт класс,от 37 до 100 м2,Монолитно-кирпичный,0,0,37,100,0.0
200,СДАН В 2013,"ЖК «Жемчужина», Юго-Западный р-н, г. Екатеринбург",Продано,Формула Строительства,г. Екатеринбург ул. Волгоградская 88,Комфорт класс,от 39 до 130 м2,Кирпичный,0,0,39,130,0.0
201,СДАН В 2012,"ЖК «Радуга», Верх-Исетский р-н, г. Екатеринбург",Продано,ЗАО «Среднеуральская строительная компания (ССК)»,г. Екатеринбург ул. Токарей 40,Эконом класс,от 42 до 103 м2,Монолитный,0,0,42,103,0.0
202,СДАН В 2012,"ЖК «Заря», Орджоникидзевский р-н, г. Екатеринбург",Продано,АО «ЮИТ Санкт-Петербург»,г. Екатеринбург ул.Электриков 24,Эконом класс,от 42 до 68 м2,Монолитно-кирпичный,0,0,42,68,0.0
203,СДАН В 2020,"ЖК «Здоровье», г. Екатеринбург",[4083000],ЖСК «Здоровье»,г. Екатеринбург ул Татищева 179,Эконом класс,от 36 до 80 м2,Монолитно-кирпичный,4083000,0,36,80,4083000.0
204,СДАН В 2020,"ЖК «WOODS. Дома в парке», г. Екатеринбург","[3850000, 7500000]",АТОМСТРОЙКОМПЛЕКС,г. Екатеринбург ул. Разливная,Эконом класс,от 36 до 96 м2,Монолитный,3850000,7500000,36,96,5675000.0
205,СДАН В 2019,"ЖК «Дом на Опалихинской», г. Екатеринбург","[3200000, 6540000]",Корпорация «Маяк»,г. Екатеринбург ул Опалихинская 23,Комфорт класс,от 39 до 88 м2,Монолитный,3200000,6540000,39,88,4870000.0
206,СДАН В 2019,"ЖК «Квартал Энтузиастов», г. Екатеринбург",[6730000],АТОМСТРОЙКОМПЛЕКС,"г. Екатеринбург пер. Замятина 22, 24",Комфорт класс,от 27 до 102 м2,Монолитный,6730000,0,27,102,6730000.0
207,СДАН В 2019,"ЖК «Классика», г. Екатеринбург",Продано,АО «ЮИТ Санкт-Петербург»,г. Екатеринбург пер. Симбирский 2/4,Комфорт класс,от 28 до 68 м2,Монолитно-каркасный,0,0,28,68,0.0
208,СДАН В 2019,"ЖК «Виктория», г. Среднеуральск",Продано,ЗАО «Среднеуральская строительная компания (ССК)»,г. Среднеуральск пер. Лесозаводской 6,Комфорт класс,от 38 до 156 м2,Монолитный,0,0,38,156,0.0
209,СДАН В 2019,"ЖК «Монблан», г. Екатеринбург","[5950000, 7650000]",СТРОЙТЭК,г. Екатеринбург ул. Крестинского 35а,Комфорт класс,от 32 до 111 м2,Монолитный,5950000,7650000,32,111,6800000.0
210,СДАН В 2018,"ЖК «Электродом Смородина+», г. Екатеринбург",[3100000],АТОМСТРОЙКОМПЛЕКС,г. Екатеринбург ул. Григория Речкалова 1,Комфорт класс,от 24 до 83 м2,Монолитный,3100000,0,24,83,3100000.0
211,СДАН В 2018,"ЖК «Любовь», г. Екатеринбург",Продано,ЗАО «Зуброво-2»,г. Екатеринбург ул. Ухтомская 3,Комфорт класс,от 39 до 95 м2,Монолитно-каркасный,0,0,39,95,0.0
212,СДАН В 2017,"ЖК «Пионер», г. Екатеринбург","[1150000, 1490000]",ГК «Скон»,г. Екатеринбург ул. Блюхера 16Б,Комфорт класс,от 33 до 148 м2,Кирпичный,1150000,1490000,33,148,1320000.0
213,БУДЕТ СДАН В 2022,"ЖК «Рассветный», г. Екатеринбург","[2488500, 6622000]",АО «ЛСР. Недвижимость-Урал»,г. Екатеринбург ул Рассветная 6/1,Эконом класс,от 23 до 77 м2,Панельный,2488500,6622000,23,77,4555250.0
214,БУДЕТ СДАН В 2022,"ЖК «Хрустальные ключи», г. Екатеринбург",[1757700],АО «ЛСР. Недвижимость-Урал»,г. Екатеринбург ул Латвийская 54,Комфорт класс,от 21 до 81 м2,Панельный,1757700,0,21,81,1757700.0
215,БУДЕТ СДАН В 2021,"ЖК «Современник», г. Екатеринбург","[3490000, 7190760]",СТРОЙТЭК,г. Екатеринбург ул Раевского,Комфорт класс,от 17 до 142 м2,Каркасно-кирпичный,3490000,7190760,17,142,5340380.0
216,БУДЕТ СДАН В 2022,"ЖК «Уральский», г. Екатеринбург","[2732450, 5785330]",ООО «Эфес»,г. Екатеринбург ул Блюхера,Комфорт класс,от 22 до 95 м2,Монолитный,2732450,5785330,22,95,4258890.0
217,СДАН В 2017,"ЖК «Эврика», Кировский р-н, г. Екатеринбург",Продано,TEN,"г. Екатеринбург ул. Студенческая 80 УГИ, 165 м",Бизнес класс,от 28 до 80 м2,Монолитно-кирпичный,0,0,28,80,0.0
218,БУДЕТ СДАН В 2023,"ЖК «Светлый», г. Екатеринбург","[1770000, 3029000]",TEN,г. Екатеринбург Микрорайон Светлый,Комфорт класс,от 28 до 83 м2,Монолитный,1770000,3029000,28,83,2399500.0
219,СДАН В 2015,"Новостройка на ул. Новгородцевой, г. Екатеринбург",Продано,АО «ЛСР. Недвижимость-Урал»,г. Екатеринбург Новгородцевой ул 23,Эконом класс,от 37 до 58 м2,Монолитно-кирпичный,0,0,37,58,0.0
220,СДАН В 2017,"ЖК «Авангард», Кировский р-н, г. Екатеринбург",Продано,АТОМСТРОЙКОМПЛЕКС,"г. Екатеринбург Ирбитская ул. / Раевского ул. 4, 4А, 4Б, 6, 6А, 8",Комфорт класс,от 46 до 122 м2,Монолитный,0,0,46,122,0.0
221,СДАН В 2014,"ЖК «На Красных Героев», г. Березовский",Продано,Брусника,г. Березовский ул. Красных Героев 18,Комфорт класс,от 35 до 73 м2,Монолитный,0,0,35,73,0.0
222,БУДЕТ СДАН В 2025,"ЖК «Балтым-Парк», г. Верхняя Пышма","[2975260, 6540000]",АО «ЮИТ Санкт-Петербург»,г. Верхняя Пышма ул. Васильковая 4,Комфорт класс,от 38 до 85 м2,Монолитный,2975260,6540000,38,85,4757630.0
223,СДАН В 2019,"ЖК «Восход», г. Екатеринбург","[2500000, 7100000]",Группа ЛСР (LSR),г. Екатеринбург ул. 40-летия Комсомола 24,Эконом класс,от 26 до 72 м2,Монолитный,2500000,7100000,26,72,4800000.0
224,СДАН В 2020,"ЖК «Бриз», г. Екатеринбург","[5070000, 9500000]",АТОМСТРОЙКОМПЛЕКС,"г. Екатеринбург ул. Ирбитская 11, 11/3, 13",Комфорт класс,от 45 до 125 м2,Монолитный,5070000,9500000,45,125,7285000.0
225,СДАН В 2016,"ЖК «Центральный парк», г. Березовский","[2230000, 7500000]",ГК «АктивСтройСервис»,г. Березовский ул. Восточная 7,Эконом класс,от 32 до 92 м2,Монолитный,2230000,7500000,32,92,4865000.0
226,СДАН В 2018,"ЖК «Рябина-парк», г. Березовский","[1470000, 2350000]",ГК «АктивСтройСервис»,г. Березовский ул. Новая 20,Эконом класс,от 22 до 45 м2,Монолитный,1470000,2350000,22,45,1910000.0
227,СДАН В 2020,"ЖК «Сказка», г. Екатеринбург","[5370000, 7007000]",TEN,г. Екатеринбург ул. Новгородцевой,Комфорт класс,от 37 до 89 м2,Монолитный,5370000,7007000,37,89,6188500.0
228,СДАН В 2016,"ЖК «Новый Дом», Кировский р-н, г. Екатеринбург",Продано,ARK Development,г. Екатеринбург ул. Новгородцевой 13,Комфорт класс,от 35 до 96 м2,Монолитный,0,0,35,96,0.0
229,СДАН В 2020,"ЖК «Новая Жизнь-Победа», пгт Верхнее Дуброво","[958000, 1680000]",ЖСК «Новая Жизнь – Победа!»,Белоярский р-н рп Верхнее Дуброво ул. Уральская,Эконом класс,от 19 до 50 м2,Блочный,958000,1680000,19,50,1319000.0
230,СДАН В 2017,"ЖК «Стрижи», г. Арамиль","[2550000, 4000000]",ООО СК «СУ-22»,Сысертский р-н г. Арамиль ул. Мира 1Б,Комфорт класс,от 31 до 91 м2,Монолитно-кирпичный,2550000,4000000,31,91,3275000.0
231,БУДЕТ СДАН В 2023,"ЖК «Парк Каменные Палатки», г. Екатеринбург","[4296660, 13687300]",ГК «Астра»,г. Екатеринбург ул. Владимира Высоцкого,Комфорт класс,от 37 до 121 м2,Монолитно-кирпичный,4296660,13687300,37,121,8991980.0
232,СДАН В 2018,"ЖК «Альпы», г. Екатеринбург",Продано,ГК «Астра»,г. Екатеринбург ул Инженерная 61,Комфорт класс,от 30 до 86 м2,Монолитно-кирпичный,0,0,30,86,0.0
233,СДАН В 2015,"ЖК «Спутник», г. Екатеринбург","[1950000, 3750000]",ГК «Астра»,г. Екатеринбург ул. Бахчиванджи 22А,Комфорт класс,от 25 до 78 м2,Монолитно-каркасный,1950000,3750000,25,78,2850000.0
234,СДАН В 2018,"ЖК «Гелиос», г. Заречный","[1821030, 3333360]",ГК «Солнечный дом»,г. Заречный ул. Победы 7,Эконом класс,от 29 до 75 м2,Монолитно-кирпичный,1821030,3333360,29,75,2577195.0
235,БУДЕТ СДАН В 2021,"ЖК «Театральный», г. Березовский","[2210000, 5200000]",ГК «АктивСтройСервис»,г. Березовский ул. Восточная 11,Комфорт класс,от 27 до 85 м2,Монолитно-кирпичный,2210000,5200000,27,85,3705000.0
236,СДАН В 2019,"ЖК «Квартал Энтузиастов», г. Екатеринбург",[6730000],АТОМСТРОЙКОМПЛЕКС,"г. Екатеринбург пер. Замятина 22, 24",Комфорт класс,от 27 до 102 м2,Монолитный,6730000,0,27,102,6730000.0
237,СДАН В 2020,"ЖК «Даниловский», г. Екатеринбург","[3570000, 7588000]",ООО «Синара-Девелопмент»,г. Екатеринбург ул Данилы Зверева 17а,Комфорт класс,от 40 до 102 м2,Монолитно-кирпичный,3570000,7588000,40,102,5579000.0
238,БУДЕТ СДАН В 2022,"Парк-комплекс «Шолохов», г. Екатеринбург","[3729440, 4778640]",ГК «Астра»,г. Екатеринбург ул Шолохова,Комфорт класс,от 35 до 73 м2,Монолитный,3729440,4778640,35,73,4254040.0
239,БУДЕТ СДАН В 2022,"ЖК «Малахит», г. Екатеринбург","[1953000, 5207200]",АО «ЛСР. Недвижимость-Урал»,г. Екатеринбург ул. 40-летия Комсомола,Эконом класс,от 20 до 56 м2,Панельный,1953000,5207200,20,56,3580100.0
